,Id,Predicted_sale_Price
0,1461,267773.9868799797
1,1462,311714.11463104404
2,1463,336531.8366039183
3,1464,347533.62429480517
4,1465,344871.69999886956
5,1466,311141.184726864
6,1467,305993.670747253
7,1468,316052.4430798129
8,1469,346062.7319097833
9,1470,260852.28282555164
10,1471,298599.70196536556
11,1472,243666.62071588048
12,1473,250935.1480937511
13,1474,295667.6005308326
14,1475,227581.568641002
15,1476,531183.7878052519
16,1477,394104.2875776128
17,1478,471983.07289197354
18,1479,477935.5908545926
19,1480,609329.7565638209
20,1481,465385.4798499832
21,1482,357303.2930407785
22,1483,322982.4690773174
23,1484,306008.9473120792
24,1485,317292.8693240978
25,1486,346962.7950335982
26,1487,513773.12167049805
27,1488,363618.92531676445
28,1489,340478.41962258646
29,1490,404127.50357488653
30,1491,338776.15310199826
31,1492,253872.9117457465
32,1493,357686.43345165777
33,1494,449710.33843482146
34,1495,440442.1106757809
35,1496,400686.96129907796
36,1497,317641.0686668456
37,1498,319107.91091471567
38,1499,322495.5229861788
39,1500,313214.5232422666
40,1501,319606.36526340473
41,1502,293093.0292573938
42,1503,418540.663650236
43,1504,370549.1747253423
44,1505,368450.21948428976
45,1506,357276.1069968087
46,1507,383840.78376699815
47,1508,352130.1305596099
48,1509,309205.0226306599
49,1510,294376.67753789923
50,1511,293915.76298512943
51,1512,315552.69246804615
52,1513,276514.84964652744
53,1514,292211.4544758933
54,1515,336453.0906402987
55,1516,315714.4782761122
56,1517,318831.332094799
57,1518,292491.7391759614
58,1519,345556.6245300866
59,1520,275962.89128006354
60,1521,283364.39258348383
61,1522,330593.465595072
62,1523,266105.5383539193
63,1524,246336.75838519802
64,1525,267044.01910528215
65,1526,239079.45381542668
66,1527,244388.153041167
67,1528,263627.7262189737
68,1529,305088.10533202
69,1530,321156.248118256
70,1531,269286.35358551156
71,1532,236826.91995018686
72,1533,306999.9750469753
73,1534,259614.31056318927
74,1535,303078.96031785774
75,1536,279397.489922081
76,1537,215901.6440509117
77,1538,298014.85472527135
78,1539,305682.32822147745
79,1540,278028.2645069922
80,1541,274122.7541177026
81,1542,308550.63981511636
82,1543,317338.6571712948
83,1544,224842.96638654982
84,1545,239868.29977550084
85,1546,293657.69433749164
86,1547,280699.2092220107
87,1548,266631.78395311657
88,1549,251871.38056720205
89,1550,297116.97199550294
90,1551,256196.93246672745
91,1552,293318.31958891544
92,1553,276466.4427275299
93,1554,262233.96831448516
94,1555,346166.086527192
95,1556,217732.9059586982
96,1557,261597.82098253682
97,1558,240961.5281749264
98,1559,229129.31092062156
99,1560,263728.12826336344
100,1561,280421.19814714807
101,1562,270252.6588605091
102,1563,261531.22798238037
103,1564,297303.41542204376
104,1565,317382.4377593093
105,1566,362536.77618207486
106,1567,227583.0715110341
107,1568,380352.9155603093
108,1569,311877.0714495485
109,1570,281064.2831854775
110,1571,272549.4870503079
111,1572,274038.1202160047
112,1573,342696.3586001856
113,1574,302543.06567702803
114,1575,370547.93508982315
115,1576,369049.44286443363
116,1577,336415.56863891333
117,1578,265655.00261628366
118,1579,297235.40058843436
119,1580,339138.15718690405
120,1581,284241.61341855064
121,1582,270708.7465785257
122,1583,407752.95567215
123,1584,358557.3128096049
124,1585,271381.7359615247
125,1586,212924.03520388034
126,1587,246537.28517120233
127,1588,321520.0786086269
128,1589,243480.0036772256
129,1590,265430.57389622426
130,1591,240905.75609650929
131,1592,281847.6747640594
132,1593,256794.92739854613
133,1594,256481.83308532636
134,1595,266744.11176771595
135,1596,379747.790690045
136,1597,353393.3625777996
137,1598,334544.23690134037
138,1599,312746.9529925513
139,1600,309511.6706676374
140,1601,209172.82992126019
141,1602,259250.31811130542
142,1603,225923.3723523466
143,1604,441808.85942305677
144,1605,366104.074563131
145,1606,298967.2527429674
146,1607,304963.02199573745
147,1608,362775.6526278895
148,1609,328480.3910496211
149,1610,318051.565785176
150,1611,296391.42771774833
151,1612,358817.00393573276
152,1613,322093.4884369457
153,1614,280623.20457032014
154,1615,242119.95394503424
155,1616,227487.00934946182
156,1617,240858.27216180315
157,1618,262889.2251881355
158,1619,282659.0173460753
159,1620,315604.9555721909
160,1621,282703.820217302
161,1622,299290.77421092696
162,1623,399963.6489261779
163,1624,361387.4209786127
164,1625,251579.84577276243
165,1626,310795.9382151579
166,1627,341571.1932566772
167,1628,415118.4828256844
168,1629,308871.94629184087
169,1630,508233.431914792
170,1631,390120.8613777174
171,1632,390872.5213795074
172,1633,306387.9686514361
173,1634,343775.39952099347
174,1635,324188.23019846145
175,1636,306557.2717501096
176,1637,327157.1685623387
177,1638,328692.6377243864
178,1639,324261.47558571293
179,1640,380099.3602154973
180,1641,331519.99222377467
181,1642,401957.169215311
182,1643,365163.8371346718
183,1644,383806.90036591335
184,1645,352851.0741228569
185,1646,303949.7481928005
186,1647,299359.0248638273
187,1648,275949.5872462155
188,1649,276447.79849832726
189,1650,251907.0839527964
190,1651,256245.92316834634
191,1652,243688.33554958738
192,1653,244604.66073631425
193,1654,287350.22125067934
194,1655,254556.07708887046
195,1656,305137.12821604416
196,1657,300649.7830643244
197,1658,310078.0081994788
198,1659,243758.6207634181
199,1660,287134.73127714155
200,1661,581103.3287165863
201,1662,495585.6826286941
202,1663,520036.3021839264
203,1664,649518.4968972001
204,1665,477276.7992777496
205,1666,475949.27217064134
206,1667,529801.2289790893
207,1668,509393.3528217419
208,1669,454278.083966029
209,1670,502054.08335239283
210,1671,407245.21517068613
211,1672,539692.1869086262
212,1673,422525.0609185148
213,1674,381322.80600595416
214,1675,350428.7980457631
215,1676,352051.65020003787
216,1677,352504.54821897176
217,1678,571654.0795079663
218,1679,537238.5183510572
219,1680,487220.13019498414
220,1681,424588.4707395612
221,1682,470297.9541011301
222,1683,338665.70923279325
223,1684,321235.1587223255
224,1685,329910.46617621725
225,1686,312914.8617953943
226,1687,295395.6771718169
227,1688,348861.24994364794
228,1689,337480.8028102161
229,1690,348038.10996281053
230,1691,335787.8153969419
231,1692,409945.0132212786
232,1693,314594.92067988357
233,1694,335309.2912041436
234,1695,289498.5493785099
235,1696,412201.320101756
236,1697,291022.2035963604
237,1698,487163.325083401
238,1699,487828.2363627306
239,1700,422639.8114905365
240,1701,425621.07441415155
241,1702,378865.1329889647
242,1703,372187.33601959876
243,1704,397199.0550212496
244,1705,407766.32678068057
245,1706,555786.7158277419
246,1707,392613.47416197765
247,1708,350014.1736071635
248,1709,382542.28851786937
249,1710,371581.4029942229
250,1711,417922.47048229387
251,1712,407049.11996537494
252,1713,423991.66920246946
253,1714,369815.4612917916
254,1715,351729.3467931401
255,1716,310808.06602588674
256,1717,309325.56663232984
257,1718,285265.5368866626
258,1719,378572.4542810363
259,1720,369849.859680625
260,1721,303970.9757352813
261,1722,286109.13684798084
262,1723,322413.071811295
263,1724,358682.697777873
264,1725,374449.95592389774
265,1726,331997.8099133385
266,1727,313989.42626347195
267,1728,326621.38138198445
268,1729,328712.8530352167
269,1730,300336.2791807257
270,1731,255372.2360280144
271,1732,279550.21309823473
272,1733,253901.95111072017
273,1734,256221.6318042141
274,1735,274048.6077245429
275,1736,255966.91224680474
276,1737,415869.1733833062
277,1738,420690.9324647172
278,1739,384199.1200994749
279,1740,383585.12684053555
280,1741,342416.00813214126
281,1742,313787.7731344417
282,1743,312640.42698200047
283,1744,504116.5321050978
284,1745,376579.5497199515
285,1746,310599.51743291825
286,1747,381130.13034953224
287,1748,338961.09565921826
288,1749,308614.4932688715
289,1750,275630.7402459448
290,1751,367186.48164425924
291,1752,248088.2669426503
292,1753,310552.2585605837
293,1754,330584.518914223
294,1755,326644.86079117726
295,1756,269596.2137111035
296,1757,256857.25585110206
297,1758,308331.35623126925
298,1759,310957.68110769114
299,1760,307599.51024175104
300,1761,291939.20782606036
301,1762,322428.60931872664
302,1763,376674.05396174523
303,1764,268005.1093248045
304,1765,313957.43246390065
305,1766,324948.3423218141
306,1767,343097.65963704645
307,1768,278280.18124621344
308,1769,299984.96189355006
309,1770,287147.92656723416
310,1771,285114.9281680381
311,1772,293600.8923593007
312,1773,272846.26767153083
313,1774,304846.3080068734
314,1775,290235.62659450574
315,1776,260176.35880319716
316,1777,239817.30298511742
317,1778,281407.57108067017
318,1779,282157.08503789554
319,1780,305609.8880671922
320,1781,280380.6148514597
321,1782,241041.6589506216
322,1783,304252.3098258824
323,1784,265413.18206563103
324,1785,296806.4216778648
325,1786,307715.02814794256
326,1787,303682.7834779703
327,1788,213185.82658383012
328,1789,241907.69939229765
329,1790,223551.92918479838
330,1791,336125.068340026
331,1792,293559.55000861286
332,1793,260850.9749945206
333,1794,290176.6715308543
334,1795,270242.3199160881
335,1796,271666.4433873328
336,1797,269563.67237173684
337,1798,279203.46829571616
338,1799,233471.8893668037
339,1800,299266.37604079064
340,1801,273758.238149462
341,1802,277341.2044111272
342,1803,305717.66546554375
343,1804,255672.32219156518
344,1805,263699.99287990335
345,1806,248359.82732565305
346,1807,276745.7521818411
347,1808,259230.9608289671
348,1809,277337.7313856284
349,1810,297012.7903873871
350,1811,254635.65242375835
351,1812,241964.69369359553
352,1813,302206.28147076356
353,1814,243162.70493851218
354,1815,214563.35843685787
355,1816,228631.18139198667
356,1817,299222.61272648064
357,1818,329077.45129409217
358,1819,304064.4755745351
359,1820,187146.57426776673
360,1821,262159.0763415092
361,1822,296981.5647622225
362,1823,169594.90649872925
363,1824,302945.6034295033
364,1825,289268.61962571874
365,1826,274714.6209877179
366,1827,242502.51032092812
367,1828,276757.5709782111
368,1829,279301.8999807116
369,1830,300942.41479567933
370,1831,282998.9722677916
371,1832,206912.8820887027
372,1833,301796.3518046085
373,1834,288975.5329738836
374,1835,272487.2650337054
375,1836,277532.6488320392
376,1837,222635.75882029172
377,1838,274349.1890860001
378,1839,225089.4763659179
379,1840,300129.8430014605
380,1841,270314.5321512881
381,1842,243303.65358714125
382,1843,284593.5300901871
383,1844,303808.62154255714
384,1845,270057.72037078167
385,1846,304775.49966630345
386,1847,349952.3263815488
387,1848,197425.136454131
388,1849,271948.8232470761
389,1850,269530.40734292805
390,1851,299637.62378502125
391,1852,275038.89630602166
392,1853,289277.9123248812
393,1854,315411.1924716125
394,1855,310857.44380724704
395,1856,366714.7239946939
396,1857,286807.2510675777
397,1858,318532.25816304324
398,1859,297784.8808246379
399,1860,314211.83715618425
400,1861,299265.71223458956
401,1862,427022.6873972097
402,1863,427022.6873972097
403,1864,427022.6873972097
404,1865,514790.1038475896
405,1866,499880.194102823
406,1867,353960.2595818054
407,1868,432941.78572175576
408,1869,347030.08043212286
409,1870,344732.9449456761
410,1871,436613.0908493498
411,1872,331113.2889880529
412,1873,378292.82073154283
413,1874,280323.79963787843
414,1875,344196.0287030985
415,1876,343551.3032630588
416,1877,345325.1372873035
417,1878,341798.3691476478
418,1879,293233.8210406282
419,1880,273251.18892795255
420,1881,382899.04266813054
421,1882,371450.28313559986
422,1883,323147.81937835464
423,1884,333275.0448751861
424,1885,369481.3693660828
425,1886,442425.10988468234
426,1887,356704.69916473486
427,1888,379294.1382024606
428,1889,332024.3436655591
429,1890,241208.25822198618
430,1891,274963.94047204906
431,1892,234919.86268024327
432,1893,264539.7134182222
433,1894,289887.7476775207
434,1895,292714.92889901955
435,1896,285211.863986267
436,1897,264749.67432727624
437,1898,256074.6153827706
438,1899,320940.0086248686
439,1900,300152.35505189374
440,1901,311932.3051671461
441,1902,324278.48322562315
442,1903,347932.5021946588
443,1904,338712.2525480064
444,1905,358490.18052148825
445,1906,307752.3299945386
446,1907,366137.258893534
447,1908,253784.36085175216
448,1909,286620.797711083
449,1910,269722.4556785163
450,1911,357314.4969683728
451,1912,480680.05395410163
452,1913,302704.80381915957
453,1914,162969.5417035803
454,1915,500316.1335967707
455,1916,216165.88233554742
456,1917,369458.79611648276
457,1918,271728.1853955656
458,1919,298192.26635368646
459,1920,308355.9752486366
460,1921,529576.2974567186
461,1922,483956.97674353723
462,1923,390607.55082112947
463,1924,373213.2392681959
464,1925,346448.7440955043
465,1926,520214.9343309217
466,1927,273217.50814228674
467,1928,326025.0855629481
468,1929,259760.86197677394
469,1930,285998.72955123516
470,1931,267372.78665877983
471,1932,276376.06645433843
472,1933,383814.7388346789
473,1934,332547.8705080821
474,1935,329446.540044286
475,1936,365587.85883525084
476,1937,335336.0765805526
477,1938,331082.02118331083
478,1939,428623.37443207524
479,1940,340120.3636838566
480,1941,311525.3010840343
481,1942,309935.6172876431
482,1943,383576.189851257
483,1944,551469.4353916291
484,1945,565553.4764667879
485,1946,307010.57507650513
486,1947,489383.2683332813
487,1948,301157.7506387261
488,1949,386302.162095338
489,1950,320500.0820562314
490,1951,401024.01847163326
491,1952,352319.7108499113
492,1953,321231.36650137603
493,1954,319063.5653027145
494,1955,287241.6721081797
495,1956,406617.7942680226
496,1957,311742.7543494094
497,1958,375887.58361322
498,1959,272676.95486082457
499,1960,249807.48428553552
500,1961,278407.48536402575
501,1962,235289.00699820672
502,1963,236942.38802265748
503,1964,264813.42388728337
504,1965,290913.0001654035
505,1966,271497.98545029137
506,1967,449511.83472908486
507,1968,556735.8944738185
508,1969,533815.4375105735
509,1970,558797.3145350667
510,1971,579900.3494729056
511,1972,513263.87212127255
512,1973,444394.2850886298
513,1974,493098.634489674
514,1975,574136.604426647
515,1976,403496.6016015689
516,1977,473727.44631759956
517,1978,515707.88037929835
518,1979,466434.0882832373
519,1980,366042.2914933727
520,1981,487634.4520666662
521,1982,354824.6684894838
522,1983,350568.95200485067
523,1984,330636.25337371475
524,1985,361974.98133282544
525,1986,339934.6840439304
526,1987,345924.3676497786
527,1988,333837.8207983456
528,1989,345573.07604199275
529,1990,354901.03708607896
530,1991,365557.6136236604
531,1992,355787.5906768327
532,1993,319026.9592691224
533,1994,360166.8090231199
534,1995,338435.4815421908
535,1996,408894.58664872905
536,1997,515124.6750441805
537,1998,457162.0507816144
538,1999,486373.8939649595
539,2000,446153.2413861487
540,2001,452537.04367886746
541,2002,406861.5242648544
542,2003,413163.6743858684
543,2004,406969.7192001527
544,2005,398370.66891629534
545,2006,366997.87432031485
546,2007,383640.35768615507
547,2008,372091.113376993
548,2009,361397.56589440693
549,2010,328264.7547888561
550,2011,298546.50958298275
551,2012,325254.2958063606
552,2013,337083.8882464816
553,2014,344309.9819222821
554,2015,366184.0360194577
555,2016,347687.97702857363
556,2017,342964.2391032638
557,2018,273508.5743959749
558,2019,271863.1090984059
559,2020,226824.5276559128
560,2021,248014.62561334902
561,2022,373666.915739128
562,2023,310617.5924161083
563,2024,434777.23237608845
564,2025,489849.1502606149
565,2026,332136.312129184
566,2027,315581.11198820244
567,2028,304955.0499289616
568,2029,323581.5456548521
569,2030,392951.7892537594
570,2031,360965.27316733904
571,2032,402633.4267797589
572,2033,380559.79397921864
573,2034,293773.2594094727
574,2035,357900.183966517
575,2036,349788.222364096
576,2037,352847.1154775471
577,2038,459312.6804563141
578,2039,370494.20969142
579,2040,437412.58409149956
580,2041,478208.33780870656
581,2042,346739.3661031652
582,2043,333272.3519351257
583,2044,322342.66608924826
584,2045,362037.90815420024
585,2046,299246.8975130562
586,2047,291366.75180190854
587,2048,273129.74236896704
588,2049,301992.3438771606
589,2050,303854.10690349166
590,2051,250379.58762459742
591,2052,258858.59496195137
592,2053,281791.76625177404
593,2054,249764.1772865004
594,2055,318804.0446555071
595,2056,285238.718284805
596,2057,261274.9522380011
597,2058,354899.2672449962
598,2059,290350.21584616776
599,2060,308661.4545690797
600,2061,303375.8726057861
601,2062,269176.8598261835
602,2063,260586.56110213062
603,2064,285339.0052687426
604,2065,273159.59431215265
605,2066,324080.06040357065
606,2067,288375.35695050337
607,2068,304085.3131344054
608,2069,225704.90259947174
609,2070,256232.9911774656
610,2071,232740.41462199966
611,2072,334366.3815218018
612,2073,265887.8725230396
613,2074,289984.58657712024
614,2075,296090.6726481373
615,2076,245626.95550389704
616,2077,302255.52673742594
617,2078,282091.24271050916
618,2079,288559.9971471852
619,2080,257835.96419773123
620,2081,280527.31349382113
621,2082,305673.57297970675
622,2083,302594.12220903294
623,2084,241297.74675657263
624,2085,270614.1256989205
625,2086,253997.19688669004
626,2087,271266.55912941374
627,2088,243182.55515843828
628,2089,222937.64193910867
629,2090,256273.20360237546
630,2091,248872.3831051942
631,2092,276357.27986116346
632,2093,300701.6101845302
633,2094,251826.4816556843
634,2095,300510.9545682139
635,2096,219107.25342368835
636,2097,234136.1562646092
637,2098,302550.4826710221
638,2099,187964.1829236461
639,2100,234549.14611226897
640,2101,252612.22817846155
641,2102,271948.3179734724
642,2103,246742.80858723342
643,2104,285863.06207297114
644,2105,276429.0640368122
645,2106,216113.33075925685
646,2107,340024.7878750344
647,2108,256616.96942560008
648,2109,253708.83591057628
649,2110,262709.6570478471
650,2111,261787.6699170224
651,2112,301658.50250140193
652,2113,277852.29900722636
653,2114,267969.3463049854
654,2115,302036.6083941384
655,2116,244072.32831203606
656,2117,286061.9683908352
657,2118,288640.5008055039
658,2119,263116.5107032214
659,2120,261987.83156309568
660,2121,246575.85054071667
661,2122,263956.54355585575
662,2123,212619.07872713165
663,2124,304159.2217847251
664,2125,314483.10976490605
665,2126,334053.37693062844
666,2127,292519.42021485075
667,2128,257033.04614728212
668,2129,238688.40549384936
669,2130,276595.42847381276
670,2131,300033.21423096646
671,2132,255964.95913872978
672,2133,256326.79395106185
673,2134,259938.61769119254
674,2135,214436.81081473682
675,2136,244035.47676641116
676,2137,250376.10087547894
677,2138,285584.0167389697
678,2139,285342.5235925894
679,2140,275891.8292600425
680,2141,313254.9676421915
681,2142,279020.1443056251
682,2143,309615.7704007923
683,2144,282468.91208112234
684,2145,289405.7289950291
685,2146,311372.5246940706
686,2147,307929.16781370755
687,2148,247065.22686981218
688,2149,274109.05152758665
689,2150,390854.229002554
690,2151,269256.22391683416
691,2152,330091.5815879399
692,2153,317584.69046084664
693,2154,216970.30642713135
694,2155,276206.1547322927
695,2156,385269.0790797406
696,2157,365327.5446772627
697,2158,390510.0368329438
698,2159,339253.87585300766
699,2160,345841.7560852663
700,2161,372184.9311921057
701,2162,505051.1233979909
702,2163,508088.07949524594
703,2164,402849.95168443886
704,2165,367728.50699576765
705,2166,291188.77911931055
706,2167,367446.6542381307
707,2168,340128.14994934446
708,2169,338130.80729697633
709,2170,345591.02747947775
710,2171,298457.759612183
711,2172,273736.2454635245
712,2173,315349.1428212505
713,2174,366299.97559004667
714,2175,425340.34245201515
715,2176,465374.51810193463
716,2177,396488.1651198338
717,2178,341810.9461889774
718,2179,263434.01794384513
719,2180,369440.3636409814
720,2181,354106.19443445577
721,2182,369493.56290601694
722,2183,344044.90859978925
723,2184,265501.2604591605
724,2185,286027.3070929754
725,2186,285335.1585376352
726,2187,298959.33413374267
727,2188,298790.9139888823
728,2189,478123.3327939006
729,2190,222852.272858324
730,2191,207378.96473920468
731,2192,217366.39844318613
732,2193,250784.11566533102
733,2194,250653.55195889017
734,2195,273185.3030780958
735,2196,279169.3449755862
736,2197,277498.7804640002
737,2198,296623.30381269654
738,2199,287088.54559360014
739,2200,307640.24498594314
740,2201,293311.19713598624
741,2202,336800.8388211175
742,2203,331666.7930208547
743,2204,332483.89122297964
744,2205,302370.9709782629
745,2206,309235.7536433501
746,2207,385915.09960628534
747,2208,381778.2995407648
748,2209,426835.9500335694
749,2210,285200.64645771025
750,2211,247613.32207155618
751,2212,253571.8663321667
752,2213,258949.5998215542
753,2214,275532.19532797375
754,2215,230635.92540813994
755,2216,309407.2305718827
756,2217,220229.62961749738
757,2218,201002.2049132269
758,2219,187965.7679209611
759,2220,166374.7269577816
760,2221,501226.5361460071
761,2222,468477.7605234763
762,2223,439339.9060527336
763,2224,344944.44533779554
764,2225,265236.41063079255
765,2226,333896.47191607876
766,2227,336547.8135707959
767,2228,437879.453840129
768,2229,374017.7980672786
769,2230,281929.15636022884
770,2231,354885.04890094587
771,2232,339379.49483789294
772,2233,330610.62289263884
773,2234,397343.00265683705
774,2235,398377.2294419607
775,2236,383621.1986655844
776,2237,443834.50774472486
777,2238,359358.87507525366
778,2239,219484.6544216358
779,2240,301232.0202045256
780,2241,286753.07866355457
781,2242,261094.4592841713
782,2243,279579.7796482087
783,2244,237067.3526847046
784,2245,263289.46377359447
785,2246,286520.63439846074
786,2247,255071.31590870017
787,2248,264517.08612093865
788,2249,263054.7533064386
789,2250,265972.1527423843
790,2251,268277.8631294366
791,2252,334205.17891270213
792,2253,285811.22229547583
793,2254,304284.1747993889
794,2255,327045.81829772197
795,2256,309499.6889030532
796,2257,338342.9918029007
797,2258,296398.1903202879
798,2259,326734.0131669731
799,2260,305014.1300894697
800,2261,368365.1872270279
801,2262,371932.94811169227
802,2263,537798.6544324465
803,2264,594962.43617911
804,2265,282134.48256989
805,2266,482070.6411608313
806,2267,506793.2317257158
807,2268,626622.7400149868
808,2269,307468.5183714649
809,2270,323858.155706087
810,2271,358491.82585900306
811,2272,354201.80239010364
812,2273,294836.19816234714
813,2274,324007.34505739884
814,2275,330799.05889139656
815,2276,362173.33816760534
816,2277,338298.9397450784
817,2278,278864.0578662941
818,2279,298299.36994755815
819,2280,231090.31584509072
820,2281,306253.4932559548
821,2282,315248.1086100539
822,2283,252595.79354780354
823,2284,296233.83349461306
824,2285,270896.4387461162
825,2286,259829.6121001935
826,2287,531273.3035174756
827,2288,442424.18061421346
828,2289,477372.9462064416
829,2290,585346.1572289605
830,2291,494438.9820466575
831,2292,548869.2049421457
832,2293,603648.7239362062
833,2294,547915.2967586073
834,2295,577350.0457009322
835,2296,422788.733054423
836,2297,540028.0518173613
837,2298,517814.52044981805
838,2299,486487.29475180607
839,2300,447959.23764253897
840,2301,478820.9848341438
841,2302,397501.82512195397
842,2303,389696.77391662484
843,2304,420103.9330822122
844,2305,351491.7776246473
845,2306,338438.71221995866
846,2307,350189.62812127656
847,2308,368427.36167810974
848,2309,447138.37010827486
849,2310,366700.603075268
850,2311,347384.3456327192
851,2312,345980.3266871938
852,2313,323395.6416129975
853,2314,336032.6591161131
854,2315,335439.3968997235
855,2316,347120.8912290546
856,2317,337673.7968419648
857,2318,339237.3650374979
858,2319,336150.3348278766
859,2320,325924.9164281304
860,2321,375698.5219839459
861,2322,336992.31081481016
862,2323,351237.1765995391
863,2324,307005.92655147205
864,2325,355865.8683538842
865,2326,303585.7981831808
866,2327,350594.4812981475
867,2328,366182.16512909706
868,2329,340205.9303900473
869,2330,327346.37126800226
870,2331,498068.62332215614
871,2332,530603.4414300759
872,2333,458573.5056563931
873,2334,429336.28289601847
874,2335,456207.2769219019
875,2336,451648.80540578446
876,2337,343346.70602197526
877,2338,389904.7842695991
878,2339,353066.9154331537
879,2340,512146.60924200155
880,2341,356831.00560493
881,2342,362923.3990773453
882,2343,364293.6961225519
883,2344,331016.35208521347
884,2345,388032.98875602544
885,2346,365119.36530417623
886,2347,349654.36546901206
887,2348,385346.6502786261
888,2349,364679.05979030684
889,2350,464927.08268739807
890,2351,430161.3065707382
891,2352,380085.2786434554
892,2353,381654.02111353935
893,2354,293765.44758145645
894,2355,280791.22045729
895,2356,317571.8235740576
896,2357,342768.3712130494
897,2358,350997.25787572894
898,2359,268388.1192872169
899,2360,244394.90122484043
900,2361,277182.3367332798
901,2362,383862.6892210427
902,2363,309289.59698839765
903,2364,302722.6182199399
904,2365,338215.6594889869
905,2366,347099.0781372285
906,2367,373971.5870731656
907,2368,382549.9289013911
908,2369,363190.6054124142
909,2370,324163.78753288294
910,2371,314426.8194662258
911,2372,340779.5568747901
912,2373,430319.68843671685
913,2374,455551.23269959755
914,2375,377335.76794260426
915,2376,438619.7230530394
916,2377,487388.6199163109
917,2378,285677.365014446
918,2379,357390.01110733737
919,2380,292073.8096911309
920,2381,303487.50275378616
921,2382,339213.3488144202
922,2383,335577.10747923795
923,2384,365483.395758247
924,2385,290950.41210739856
925,2386,272396.0339871421
926,2387,272629.2794428155
927,2388,245238.69426491146
928,2389,267398.65512994135
929,2390,305035.45848261286
930,2391,288480.73621736286
931,2392,247930.5580722551
932,2393,302353.4278783528
933,2394,311388.2649387438
934,2395,328125.91741521406
935,2396,290797.14661977143
936,2397,337565.2235250688
937,2398,251743.0607486416
938,2399,217406.95881043264
939,2400,226494.6965136205
940,2401,276511.89299655857
941,2402,283850.0771403211
942,2403,297592.4912287124
943,2404,301123.15334153816
944,2405,304986.5053268619
945,2406,260245.23528817616
946,2407,266046.62356171117
947,2408,258856.3127719611
948,2409,269404.63140496763
949,2410,340810.7299614141
950,2411,258768.22300312988
951,2412,302275.6392706767
952,2413,279374.7735395578
953,2414,330320.5443380867
954,2415,291459.29613137955
955,2416,265347.4832895971
956,2417,284231.94088403485
957,2418,272628.54566902376
958,2419,288322.66697494884
959,2420,276901.1275436882
960,2421,277200.5982875301
961,2422,262989.5065156952
962,2423,281174.38516791206
963,2424,305887.8528891369
964,2425,319133.66784050426
965,2426,279895.82096863963
966,2427,278062.75316973147
967,2428,309386.01637068996
968,2429,246795.93403358484
969,2430,264570.9943993779
970,2431,245667.50361447048
971,2432,300886.8927388847
972,2433,299017.55675323744
973,2434,282527.0895275473
974,2435,321905.74519937846
975,2436,276830.3931528914
976,2437,253854.1586232133
977,2438,274007.1701112739
978,2439,248675.23461623205
979,2440,277061.25124434935
980,2441,221136.23941872828
981,2442,242540.59932176175
982,2443,278879.4766614946
983,2444,269485.73563927104
984,2445,232790.57255387295
985,2446,308804.72990901745
986,2447,319855.0252416753
987,2448,295128.3011952569
988,2449,265525.8953178682
989,2450,284963.748689913
990,2451,234094.40252596408
991,2452,317474.2848000812
992,2453,247647.5185943956
993,2454,274803.8288101528
994,2455,228165.1193585752
995,2456,255179.27477427386
996,2457,281586.88990957284
997,2458,307173.2726006746
998,2459,254767.7728282652
999,2460,283693.78664830094
1000,2461,284214.2627577564
1001,2462,280254.0265808625
1002,2463,287104.2087148223
1003,2464,313026.28278394183
1004,2465,282417.0784224415
1005,2466,271821.38474840985
1006,2467,279166.312654073
1007,2468,260766.30330900877
1008,2469,262755.86858035356
1009,2470,334676.93591919384
1010,2471,352473.4638246165
1011,2472,294280.44268870767
1012,2473,261135.60785235564
1013,2474,254778.926010449
1014,2475,342180.52190738154
1015,2476,231034.80741009297
1016,2477,255058.11865508393
1017,2478,297496.15991941333
1018,2479,266482.42928263143
1019,2480,315098.0585677665
1020,2481,271926.97066375
1021,2482,246110.10758658976
1022,2483,258350.02124482143
1023,2484,261333.47451303795
1024,2485,277872.8980279617
1025,2486,327856.75459447416
1026,2487,353782.5286786566
1027,2488,293091.0823091126
1028,2489,302830.5974971645
1029,2490,294748.255279111
1030,2491,203088.68431202258
1031,2492,341118.64104528335
1032,2493,299373.91432839626
1033,2494,288764.2288787129
1034,2495,227441.2176873674
1035,2496,376868.748102903
1036,2497,295603.3575509661
1037,2498,257466.05997996038
1038,2499,231803.86040719744
1039,2500,293407.76896104374
1040,2501,290336.2017545547
1041,2502,288924.56234916864
1042,2503,276332.43720006366
1043,2504,311726.76636281563
1044,2505,356766.09809424053
1045,2506,391392.36060598085
1046,2507,419967.3889500883
1047,2508,387641.0209080477
1048,2509,369328.15363933047
1049,2510,361574.2999870251
1050,2511,317508.5788708194
1051,2512,356846.6090305892
1052,2513,353143.9650969246
1053,2514,446084.5364825014
1054,2515,312812.5967903461
1055,2516,322376.3396722583
1056,2517,287335.8659009462
1057,2518,296996.82709625113
1058,2519,405135.1578881245
1059,2520,355114.84629991755
1060,2521,326981.71883556934
1061,2522,359586.22717116796
1062,2523,256548.02471574792
1063,2524,304485.19701304345
1064,2525,295879.46928782004
1065,2526,305858.43399473955
1066,2527,280678.3793652266
1067,2528,275794.6122250923
1068,2529,171008.57777919178
1069,2530,262876.06502030045
1070,2531,391792.7753145203
1071,2532,359571.0406530609
1072,2533,332804.0356661578
1073,2534,390316.13815300254
1074,2535,401900.59612457873
1075,2536,369675.9159971512
1076,2537,380856.27516809414
1077,2538,334242.14807853516
1078,2539,317104.6888818308
1079,2540,343742.1115317107
1080,2541,321467.7713233903
1081,2542,324145.4869982807
1082,2543,275655.81241721247
1083,2544,267503.7164484192
1084,2545,297453.04897775245
1085,2546,255403.62299392273
1086,2547,279152.32158558455
1087,2548,303657.72288984084
1088,2549,321162.0244293657
1089,2550,776458.8164981685
1090,2551,288563.19969741895
1091,2552,264459.2160134694
1092,2553,207828.04612777947
1093,2554,225659.06275527598
1094,2555,255321.42032615212
1095,2556,234896.05855755613
1096,2557,232496.61052731716
1097,2558,283600.5217115299
1098,2559,327661.2654835024
1099,2560,305002.2258651393
1100,2561,312289.0656685882
1101,2562,313717.09253769484
1102,2563,306687.6884220309
1103,2564,330869.6617490238
1104,2565,311797.7877424222
1105,2566,325474.9925689538
1106,2567,288635.7786642782
1107,2568,367002.4924944514
1108,2569,390996.25063332246
1109,2570,277397.33907964674
1110,2571,386991.96722710825
1111,2572,295739.04843462206
1112,2573,394376.7216525833
1113,2574,423428.4153638388
1114,2575,282705.25477789197
1115,2576,270833.5165917688
1116,2577,327212.61863734905
1117,2578,223403.44122418948
1118,2579,224396.58203003276
1119,2580,231056.63907021825
1120,2581,239029.52573460795
1121,2582,209633.26897850807
1122,2583,414601.3788346158
1123,2584,340959.3741579361
1124,2585,350884.14535433555
1125,2586,339673.10077025206
1126,2587,340589.5025745715
1127,2588,269395.95008589805
1128,2589,290399.16043361835
1129,2590,345143.1986036378
1130,2591,351442.3141805231
1131,2592,364066.3388484798
1132,2593,400667.767281575
1133,2594,327409.0431368141
1134,2595,369663.8575217838
1135,2596,400832.9190145098
1136,2597,375254.9064104126
1137,2598,431074.21352339233
1138,2599,560123.7569905526
1139,2600,296470.11607904435
1140,2601,276737.0704530852
1141,2602,239641.22013612074
1142,2603,235996.58623836195
1143,2604,236585.41097680258
1144,2605,244012.29581817053
1145,2606,283973.6679326538
1146,2607,347832.7964045559
1147,2608,295834.3024655181
1148,2609,298932.04723357124
1149,2610,255944.66202385648
1150,2611,338819.87739810813
1151,2612,282169.77097693214
1152,2613,251817.78379270824
1153,2614,252388.17927358963
1154,2615,299979.1474644783
1155,2616,288907.78544994496
1156,2617,358984.02089061827
1157,2618,372753.6300363726
1158,2619,353910.01083776844
1159,2620,327904.0851039928
1160,2621,318002.69476366194
1161,2622,326778.86544807605
1162,2623,361769.96107171825
1163,2624,452467.99261725554
1164,2625,470294.4423727977
1165,2626,312378.0702308841
1166,2627,322622.37607364054
1167,2628,634293.5358649888
1168,2629,603942.7174853245
1169,2630,534328.060678754
1170,2631,604183.8523554605
1171,2632,544930.9262255528
1172,2633,465488.78535486717
1173,2634,568518.2094299512
1174,2635,292828.2445192934
1175,2636,312680.6652505616
1176,2637,352717.6483819187
1177,2638,396025.9414469905
1178,2639,301571.32620776264
1179,2640,290981.52808954765
1180,2641,257094.1730799267
1181,2642,312804.95934730314
1182,2643,251862.40430530335
1183,2644,257365.55412606418
1184,2645,254657.14102426957
1185,2646,245859.33890392433
1186,2647,247642.1408241255
1187,2648,290044.5404559932
1188,2649,297810.9319056133
1189,2650,250618.84310151875
1190,2651,302914.3365787521
1191,2652,529179.6488039301
1192,2653,391657.7075087936
1193,2654,439092.16046849417
1194,2655,538343.5714786163
1195,2656,462994.1185012498
1196,2657,516101.5689281889
1197,2658,469053.4436923929
1198,2659,473835.9179699579
1199,2660,537977.9191906175
1200,2661,499213.8226733544
1201,2662,525386.6805349087
1202,2663,440386.79044276045
1203,2664,445567.3157974685
1204,2665,457506.8586223844
1205,2666,429555.3095439542
1206,2667,341151.72618805896
1207,2668,336370.7910082412
1208,2669,338124.43917741947
1209,2670,396197.0681115213
1210,2671,336875.1677949411
1211,2672,337805.8368215746
1212,2673,328114.65892985277
1213,2674,332163.641553296
1214,2675,341240.33556643955
1215,2676,337594.11152335885
1216,2677,350429.94527036307
1217,2678,355874.49006889155
1218,2679,430022.63459795114
1219,2680,452097.27051056497
1220,2681,530019.6217692876
1221,2682,446592.8511944806
1222,2683,598062.8853504995
1223,2684,476296.11396520556
1224,2685,465365.88410980534
1225,2686,393844.50804877596
1226,2687,435943.95163690636
1227,2688,362065.95226792176
1228,2689,356876.1727389321
1229,2690,551002.5351751492
1230,2691,343432.38127383165
1231,2692,299946.401153538
1232,2693,353492.98657897144
1233,2694,300448.6640473356
1234,2695,342786.50972112967
1235,2696,330073.42501680617
1236,2697,331660.1347998407
1237,2698,326298.28669796244
1238,2699,310725.93442278926
1239,2700,297437.6087338412
1240,2701,322681.56718312815
1241,2702,273708.1344042632
1242,2703,292823.419649548
1243,2704,270377.1272720186
1244,2705,276535.5197815588
1245,2706,253718.41869616858
1246,2707,260345.84078098653
1247,2708,279182.7927859551
1248,2709,249540.14928615605
1249,2710,279992.1637272545
1250,2711,291571.1254970682
1251,2712,547584.0433370351
1252,2713,309865.6462678485
1253,2714,293213.3955804196
1254,2715,314377.66205608856
1255,2716,278460.0846618214
1256,2717,358043.1601284163
1257,2718,365878.95934122795
1258,2719,297723.68092713424
1259,2720,310218.93901935127
1260,2721,281273.13095163205
1261,2722,309084.1442108148
1262,2723,264969.29485390184
1263,2724,295934.62392529513
1264,2725,261588.87447255268
1265,2726,290710.1313972049
1266,2727,312787.9467028729
1267,2728,331627.84658360714
1268,2729,303666.1235661483
1269,2730,292769.4358834547
1270,2731,242667.13636747765
1271,2732,280457.40302273916
1272,2733,289310.37708878214
1273,2734,247953.88151698338
1274,2735,286569.9055716821
1275,2736,278718.2909158703
1276,2737,258747.8192433038
1277,2738,280939.4444195875
1278,2739,305367.8323009542
1279,2740,268507.1666497587
1280,2741,307652.0090079995
1281,2742,310245.2783112116
1282,2743,290740.4011728365
1283,2744,289705.973842069
1284,2745,275414.4945394851
1285,2746,268286.40305698005
1286,2747,292433.8906657908
1287,2748,260907.8380440697
1288,2749,270734.7714292104
1289,2750,266236.569064603
1290,2751,259955.59076238942
1291,2752,324634.38117384916
1292,2753,287572.2109538437
1293,2754,351705.3638121389
1294,2755,283911.3687958143
1295,2756,236678.36450427142
1296,2757,233413.62815695093
1297,2758,231632.75383191783
1298,2759,344359.982856479
1299,2760,282265.2507379344
1300,2761,289822.8716854167
1301,2762,273583.8979835117
1302,2763,310496.8580810127
1303,2764,293327.0878223724
1304,2765,416777.48588230426
1305,2766,262358.2113123495
1306,2767,234496.1833975924
1307,2768,281748.9644331763
1308,2769,299514.72676063643
1309,2770,266539.44152725104
1310,2771,255493.6145110827
1311,2772,248459.1101792556
1312,2773,315020.3085557249
1313,2774,301803.23323127814
1314,2775,271100.98724964703
1315,2776,284493.8916253815
1316,2777,286369.82862143946
1317,2778,247447.41830655927
1318,2779,266567.9766658414
1319,2780,230721.44032039383
1320,2781,236245.0048790396
1321,2782,242330.10738009785
1322,2783,263688.2099150353
1323,2784,260267.7855090109
1324,2785,279576.4359728674
1325,2786,187185.1070718633
1326,2787,268262.5999025958
1327,2788,224511.71170403867
1328,2789,305510.25953946763
1329,2790,230639.37113312993
1330,2791,273433.15514640854
1331,2792,200905.73927332513
1332,2793,305602.53268391115
1333,2794,247075.31797329691
1334,2795,265083.30965114065
1335,2796,249144.73688780883
1336,2797,383524.7947975985
1337,2798,247755.13867324882
1338,2799,240246.5450781808
1339,2800,213025.8959901763
1340,2801,237284.05676501675
1341,2802,298716.41911867645
1342,2803,332484.85035626456
1343,2804,266195.524218705
1344,2805,245600.57898257015
1345,2806,217420.67099812953
1346,2807,338779.11270082934
1347,2808,296698.6722891225
1348,2809,270437.2694810946
1349,2810,267768.4977026023
1350,2811,311556.63218130724
1351,2812,315333.544580488
1352,2813,330081.4093850621
1353,2814,328125.4524663027
1354,2815,234337.38289175683
1355,2816,352830.8173665856
1356,2817,307610.01026477414
1357,2818,275025.8082244073
1358,2819,293070.8888733226
1359,2820,303779.42581892037
1360,2821,266264.5859775666
1361,2822,307851.24938559893
1362,2823,405149.1465314182
1363,2824,337649.9403796604
1364,2825,289385.53184052353
1365,2826,280352.3512352972
1366,2827,282399.4005422822
1367,2828,393830.6595287529
1368,2829,333505.64886845904
1369,2830,403998.8880092049
1370,2831,326982.5999221556
1371,2832,395185.4003636561
1372,2833,471982.01471155824
1373,2834,381930.84104928013
1374,2835,397826.97479185066
1375,2836,325834.6587877902
1376,2837,296985.19351401425
1377,2838,289222.9266150789
1378,2839,323544.7940214638
1379,2840,349107.7343731791
1380,2841,341838.4466339013
1381,2842,365329.1667160743
1382,2843,298826.4886473926
1383,2844,317478.2822698051
1384,2845,259142.765741856
1385,2846,345446.624124758
1386,2847,363908.043111331
1387,2848,335752.4365092342
1388,2849,345819.3559189605
1389,2850,382370.39545552403
1390,2851,352686.54297710344
1391,2852,367391.63617450395
1392,2853,359265.082051017
1393,2854,271381.7359615247
1394,2855,344236.81465675344
1395,2856,339341.2893537004
1396,2857,324102.850847498
1397,2858,345083.753579863
1398,2859,270684.03413025755
1399,2860,284488.9477146333
1400,2861,269394.21092501556
1401,2862,343720.48078099586
1402,2863,281829.6160951442
1403,2864,407048.38605461735
1404,2865,288017.00587673776
1405,2866,283077.44419232546
1406,2867,246759.83608660562
1407,2868,266545.2965359943
1408,2869,258662.71668097796
1409,2870,265414.5124239188
1410,2871,258832.2855005499
1411,2872,190790.87176552496
1412,2873,234187.1420468762
1413,2874,273290.1815246624
1414,2875,249408.16281400895
1415,2876,288906.01333125285
1416,2877,274550.55566508055
1417,2878,305109.49795828236
1418,2879,285757.5638790614
1419,2880,248188.98150786845
1420,2881,283626.4962793087
1421,2882,350599.07626345585
1422,2883,365073.97635798843
1423,2884,332655.2096641714
1424,2885,348042.59496365266
1425,2886,411019.7569690837
1426,2887,260097.24250810937
1427,2888,288532.5003162912
1428,2889,181415.76254084456
1429,2890,215725.14168792352
1430,2891,289465.5247649084
1431,2892,147425.75729138398
1432,2893,189566.65545273115
1433,2894,169515.7036953714
1434,2895,488025.2760401177
1435,2896,439792.44629532524
1436,2897,366852.0290469806
1437,2898,274702.49431212246
1438,2899,364747.7759724524
1439,2900,307964.5931359855
1440,2901,372457.3945640725
1441,2902,343516.3086169078
1442,2903,458295.4913455073
1443,2904,493077.15140332794
1444,2905,259692.51913467242
1445,2906,336302.5139663167
1446,2907,254568.72808718483
1447,2908,251545.28880602197
1448,2909,281222.312511207
1449,2910,212422.33939685975
1450,2911,235691.41841264832
1451,2912,295539.6404788447
1452,2913,224120.43697344646
1453,2914,220635.53958720464
1454,2915,223197.8340201755
1455,2916,227922.61597467796
1456,2917,294189.12458522763
1457,2918,265645.26425124006
1458,2919,344892.48405610316
